_id,fileUrl,fileType,uploadedBy
1,https://example.com/file1.jpg,image,27
2,https://example.com/file2.jpg,document,27
3,https://example.com/file3.jpg,document,19
4,https://example.com/file4.jpg,video,23
5,https://example.com/file5.jpg,video,1
6,https://example.com/file6.jpg,document,13
7,https://example.com/file7.jpg,video,35
8,https://example.com/file8.jpg,video,8
9,https://example.com/file9.jpg,image,14
10,https://example.com/file10.jpg,video,46
11,https://example.com/file11.jpg,image,8
12,https://example.com/file12.jpg,image,30
13,https://example.com/file13.jpg,image,25
14,https://example.com/file14.jpg,document,33
15,https://example.com/file15.jpg,document,43
16,https://example.com/file16.jpg,video,50
17,https://example.com/file17.jpg,image,23
18,https://example.com/file18.jpg,document,11
19,https://example.com/file19.jpg,image,2
20,https://example.com/file20.jpg,document,11
21,https://example.com/file21.jpg,document,30
22,https://example.com/file22.jpg,image,1
23,https://example.com/file23.jpg,image,9
24,https://example.com/file24.jpg,video,23
25,https://example.com/file25.jpg,document,24
26,https://example.com/file26.jpg,video,41
27,https://example.com/file27.jpg,image,1
28,https://example.com/file28.jpg,image,50
29,https://example.com/file29.jpg,video,35
30,https://example.com/file30.jpg,image,29
31,https://example.com/file31.jpg,video,38
32,https://example.com/file32.jpg,document,47
33,https://example.com/file33.jpg,video,9
34,https://example.com/file34.jpg,image,30
35,https://example.com/file35.jpg,document,31
36,https://example.com/file36.jpg,video,3
37,https://example.com/file37.jpg,document,26
38,https://example.com/file38.jpg,image,46
39,https://example.com/file39.jpg,image,19
40,https://example.com/file40.jpg,image,37
41,https://example.com/file41.jpg,video,9
42,https://example.com/file42.jpg,image,2
43,https://example.com/file43.jpg,video,2
44,https://example.com/file44.jpg,image,9
45,https://example.com/file45.jpg,document,20
46,https://example.com/file46.jpg,document,12
47,https://example.com/file47.jpg,document,26
48,https://example.com/file48.jpg,document,1
49,https://example.com/file49.jpg,document,11
50,https://example.com/file50.jpg,video,20
51,https://example.com/file51.jpg,image,14
52,https://example.com/file52.jpg,video,42
53,https://example.com/file53.jpg,image,34
54,https://example.com/file54.jpg,image,35
55,https://example.com/file55.jpg,document,45
56,https://example.com/file56.jpg,document,29
57,https://example.com/file57.jpg,video,24
58,https://example.com/file58.jpg,document,2
59,https://example.com/file59.jpg,image,34
60,https://example.com/file60.jpg,image,14
61,https://example.com/file61.jpg,image,8
62,https://example.com/file62.jpg,document,11
63,https://example.com/file63.jpg,image,41
64,https://example.com/file64.jpg,image,28
65,https://example.com/file65.jpg,document,49
66,https://example.com/file66.jpg,document,4
67,https://example.com/file67.jpg,image,35
68,https://example.com/file68.jpg,video,13
69,https://example.com/file69.jpg,video,16
70,https://example.com/file70.jpg,video,29
71,https://example.com/file71.jpg,document,6
72,https://example.com/file72.jpg,video,27
73,https://example.com/file73.jpg,document,36
74,https://example.com/file74.jpg,video,4
75,https://example.com/file75.jpg,document,43
76,https://example.com/file76.jpg,document,23
77,https://example.com/file77.jpg,video,36
78,https://example.com/file78.jpg,video,45
79,https://example.com/file79.jpg,image,42
80,https://example.com/file80.jpg,image,26
81,https://example.com/file81.jpg,video,10
82,https://example.com/file82.jpg,document,14
83,https://example.com/file83.jpg,video,41
84,https://example.com/file84.jpg,video,40
85,https://example.com/file85.jpg,video,7
86,https://example.com/file86.jpg,image,17
87,https://example.com/file87.jpg,image,47
88,https://example.com/file88.jpg,image,18
89,https://example.com/file89.jpg,video,41
90,https://example.com/file90.jpg,document,3
91,https://example.com/file91.jpg,document,32
92,https://example.com/file92.jpg,video,43
93,https://example.com/file93.jpg,image,20
94,https://example.com/file94.jpg,image,5
95,https://example.com/file95.jpg,image,32
96,https://example.com/file96.jpg,document,16
97,https://example.com/file97.jpg,video,19
98,https://example.com/file98.jpg,video,26
99,https://example.com/file99.jpg,video,50
100,https://example.com/file100.jpg,image,20
