_id,username,email,password,status
1,user1,user1@example.com,hashed_password,online
2,user2,user2@example.com,hashed_password,online
3,user3,user3@example.com,hashed_password,online
4,user4,user4@example.com,hashed_password,offline
5,user5,user5@example.com,hashed_password,online
6,user6,user6@example.com,hashed_password,offline
7,user7,user7@example.com,hashed_password,online
8,user8,user8@example.com,hashed_password,offline
9,user9,user9@example.com,hashed_password,offline
10,user10,user10@example.com,hashed_password,online
11,user11,user11@example.com,hashed_password,offline
12,user12,user12@example.com,hashed_password,offline
13,user13,user13@example.com,hashed_password,online
14,user14,user14@example.com,hashed_password,offline
15,user15,user15@example.com,hashed_password,online
16,user16,user16@example.com,hashed_password,offline
17,user17,user17@example.com,hashed_password,online
18,user18,user18@example.com,hashed_password,online
19,user19,user19@example.com,hashed_password,offline
20,user20,user20@example.com,hashed_password,online
21,user21,user21@example.com,hashed_password,online
22,user22,user22@example.com,hashed_password,offline
23,user23,user23@example.com,hashed_password,offline
24,user24,user24@example.com,hashed_password,online
25,user25,user25@example.com,hashed_password,offline
26,user26,user26@example.com,hashed_password,offline
27,user27,user27@example.com,hashed_password,online
28,user28,user28@example.com,hashed_password,offline
29,user29,user29@example.com,hashed_password,offline
30,user30,user30@example.com,hashed_password,offline
31,user31,user31@example.com,hashed_password,online
32,user32,user32@example.com,hashed_password,online
33,user33,user33@example.com,hashed_password,offline
34,user34,user34@example.com,hashed_password,online
35,user35,user35@example.com,hashed_password,online
36,user36,user36@example.com,hashed_password,offline
37,user37,user37@example.com,hashed_password,offline
38,user38,user38@example.com,hashed_password,offline
39,user39,user39@example.com,hashed_password,online
40,user40,user40@example.com,hashed_password,offline
41,user41,user41@example.com,hashed_password,offline
42,user42,user42@example.com,hashed_password,offline
43,user43,user43@example.com,hashed_password,offline
44,user44,user44@example.com,hashed_password,offline
45,user45,user45@example.com,hashed_password,online
46,user46,user46@example.com,hashed_password,online
47,user47,user47@example.com,hashed_password,online
48,user48,user48@example.com,hashed_password,online
49,user49,user49@example.com,hashed_password,online
50,user50,user50@example.com,hashed_password,offline
