message_id,group_id,sender_id,message,timestamp,image_url
1,17,32,Group message 1,2026-04-27 03:35:25.878437,https://example.com/groupchat1.jpg
2,4,19,Group message 2,2026-04-27 16:10:25.878451,https://example.com/groupchat2.jpg
3,7,49,Group message 3,2026-04-27 08:14:25.878455,https://example.com/groupchat3.jpg
4,4,16,Group message 4,2026-04-27 17:08:25.878459,https://example.com/groupchat4.jpg
5,2,30,Group message 5,2026-04-27 10:58:25.878463,https://example.com/groupchat5.jpg
6,17,4,Group message 6,2026-04-27 07:13:25.878467,https://example.com/groupchat6.jpg
7,3,46,Group message 7,2026-04-27 13:44:25.878472,https://example.com/groupchat7.jpg
8,10,34,Group message 8,2026-04-27 03:14:25.878478,https://example.com/groupchat8.jpg
9,12,48,Group message 9,2026-04-27 04:01:25.878483,https://example.com/groupchat9.jpg
10,2,21,Group message 10,2026-04-27 07:13:25.878487,https://example.com/groupchat10.jpg
11,16,15,Group message 11,2026-04-27 11:57:25.878491,https://example.com/groupchat11.jpg
12,7,12,Group message 12,2026-04-27 04:37:25.878495,https://example.com/groupchat12.jpg
13,2,46,Group message 13,2026-04-27 15:40:25.878498,https://example.com/groupchat13.jpg
14,3,10,Group message 14,2026-04-27 08:52:25.878502,https://example.com/groupchat14.jpg
15,3,45,Group message 15,2026-04-27 01:39:25.878511,https://example.com/groupchat15.jpg
16,10,42,Group message 16,2026-04-27 05:11:25.878515,https://example.com/groupchat16.jpg
17,11,45,Group message 17,2026-04-27 15:55:25.878518,https://example.com/groupchat17.jpg
18,15,4,Group message 18,2026-04-27 02:36:25.878522,https://example.com/groupchat18.jpg
19,18,33,Group message 19,2026-04-27 12:21:25.878526,https://example.com/groupchat19.jpg
20,13,16,Group message 20,2026-04-27 09:48:25.878530,https://example.com/groupchat20.jpg
21,14,3,Group message 21,2026-04-27 05:32:25.878533,https://example.com/groupchat21.jpg
22,15,9,Group message 22,2026-04-27 02:02:25.878537,https://example.com/groupchat22.jpg
23,19,34,Group message 23,2026-04-27 12:45:25.878541,https://example.com/groupchat23.jpg
24,5,43,Group message 24,2026-04-27 16:44:25.878544,https://example.com/groupchat24.jpg
25,15,42,Group message 25,2026-04-27 03:42:25.878548,https://example.com/groupchat25.jpg
26,17,46,Group message 26,2026-04-27 01:38:25.878552,https://example.com/groupchat26.jpg
27,20,46,Group message 27,2026-04-27 02:55:25.878555,https://example.com/groupchat27.jpg
28,9,26,Group message 28,2026-04-27 04:49:25.878559,https://example.com/groupchat28.jpg
29,13,33,Group message 29,2026-04-27 15:16:25.878563,https://example.com/groupchat29.jpg
30,16,42,Group message 30,2026-04-27 11:49:25.878566,https://example.com/groupchat30.jpg
31,7,30,Group message 31,2026-04-27 10:33:25.878570,https://example.com/groupchat31.jpg
32,12,42,Group message 32,2026-04-27 13:23:25.878574,https://example.com/groupchat32.jpg
33,2,24,Group message 33,2026-04-27 14:52:25.878580,https://example.com/groupchat33.jpg
34,5,46,Group message 34,2026-04-27 15:28:25.878584,https://example.com/groupchat34.jpg
35,16,17,Group message 35,2026-04-27 16:35:25.878588,https://example.com/groupchat35.jpg
36,7,6,Group message 36,2026-04-27 07:16:25.878591,https://example.com/groupchat36.jpg
37,2,26,Group message 37,2026-04-27 10:20:25.878595,https://example.com/groupchat37.jpg
38,3,47,Group message 38,2026-04-27 05:55:25.878599,https://example.com/groupchat38.jpg
39,17,12,Group message 39,2026-04-27 10:54:25.878603,https://example.com/groupchat39.jpg
40,10,13,Group message 40,2026-04-27 16:07:25.878607,https://example.com/groupchat40.jpg
41,1,31,Group message 41,2026-04-27 08:44:25.878610,https://example.com/groupchat41.jpg
42,10,2,Group message 42,2026-04-27 12:11:25.878614,https://example.com/groupchat42.jpg
43,19,12,Group message 43,2026-04-27 16:27:25.878617,https://example.com/groupchat43.jpg
44,12,44,Group message 44,2026-04-27 01:41:25.878620,https://example.com/groupchat44.jpg
45,6,26,Group message 45,2026-04-27 10:00:25.878624,https://example.com/groupchat45.jpg
46,17,14,Group message 46,2026-04-27 02:10:25.878634,https://example.com/groupchat46.jpg
47,6,24,Group message 47,2026-04-27 12:58:25.878640,https://example.com/groupchat47.jpg
48,12,25,Group message 48,2026-04-27 17:28:25.878646,https://example.com/groupchat48.jpg
49,11,1,Group message 49,2026-04-27 11:54:25.878651,https://example.com/groupchat49.jpg
50,10,47,Group message 50,2026-04-27 04:17:25.878657,https://example.com/groupchat50.jpg
51,18,42,Group message 51,2026-04-27 14:40:25.878667,https://example.com/groupchat51.jpg
52,16,29,Group message 52,2026-04-27 08:23:25.878673,https://example.com/groupchat52.jpg
53,17,33,Group message 53,2026-04-27 12:57:25.878678,https://example.com/groupchat53.jpg
54,10,39,Group message 54,2026-04-27 14:53:25.878684,https://example.com/groupchat54.jpg
55,13,25,Group message 55,2026-04-27 10:20:25.878690,https://example.com/groupchat55.jpg
56,14,43,Group message 56,2026-04-27 01:28:25.878696,https://example.com/groupchat56.jpg
57,12,47,Group message 57,2026-04-27 03:33:25.878702,https://example.com/groupchat57.jpg
58,10,19,Group message 58,2026-04-27 08:29:25.878714,https://example.com/groupchat58.jpg
59,2,27,Group message 59,2026-04-27 16:25:25.878722,https://example.com/groupchat59.jpg
60,13,26,Group message 60,2026-04-27 15:04:25.878725,https://example.com/groupchat60.jpg
61,17,5,Group message 61,2026-04-27 17:05:25.878728,https://example.com/groupchat61.jpg
62,6,7,Group message 62,2026-04-27 14:35:25.878732,https://example.com/groupchat62.jpg
63,15,32,Group message 63,2026-04-27 06:43:25.878735,https://example.com/groupchat63.jpg
64,16,30,Group message 64,2026-04-27 05:26:25.878738,https://example.com/groupchat64.jpg
65,15,42,Group message 65,2026-04-27 07:45:25.878742,https://example.com/groupchat65.jpg
66,1,50,Group message 66,2026-04-27 10:26:25.878747,https://example.com/groupchat66.jpg
67,17,1,Group message 67,2026-04-27 04:33:25.878751,https://example.com/groupchat67.jpg
68,9,40,Group message 68,2026-04-27 17:02:25.878754,https://example.com/groupchat68.jpg
69,8,1,Group message 69,2026-04-27 17:06:25.878758,https://example.com/groupchat69.jpg
70,10,8,Group message 70,2026-04-27 08:05:25.878765,https://example.com/groupchat70.jpg
71,8,1,Group message 71,2026-04-27 14:45:25.878768,https://example.com/groupchat71.jpg
72,11,40,Group message 72,2026-04-27 05:09:25.878771,https://example.com/groupchat72.jpg
73,8,1,Group message 73,2026-04-27 13:38:25.878775,https://example.com/groupchat73.jpg
74,2,38,Group message 74,2026-04-27 16:53:25.878778,https://example.com/groupchat74.jpg
75,11,26,Group message 75,2026-04-27 16:29:25.878782,https://example.com/groupchat75.jpg
76,11,18,Group message 76,2026-04-27 01:43:25.878785,https://example.com/groupchat76.jpg
77,3,50,Group message 77,2026-04-27 14:06:25.878788,https://example.com/groupchat77.jpg
78,16,29,Group message 78,2026-04-27 01:25:25.878792,https://example.com/groupchat78.jpg
79,4,42,Group message 79,2026-04-27 12:27:25.878795,https://example.com/groupchat79.jpg
80,15,21,Group message 80,2026-04-27 05:47:25.878798,https://example.com/groupchat80.jpg
81,2,21,Group message 81,2026-04-27 14:48:25.878802,https://example.com/groupchat81.jpg
82,17,30,Group message 82,2026-04-27 15:46:25.878805,https://example.com/groupchat82.jpg
83,14,25,Group message 83,2026-04-27 14:35:25.878810,https://example.com/groupchat83.jpg
84,2,8,Group message 84,2026-04-27 13:21:25.878813,https://example.com/groupchat84.jpg
85,9,24,Group message 85,2026-04-27 14:05:25.878816,https://example.com/groupchat85.jpg
86,18,49,Group message 86,2026-04-27 07:27:25.878820,https://example.com/groupchat86.jpg
87,18,41,Group message 87,2026-04-27 07:30:25.878823,https://example.com/groupchat87.jpg
88,3,14,Group message 88,2026-04-27 05:52:25.878829,https://example.com/groupchat88.jpg
89,16,24,Group message 89,2026-04-27 10:50:25.878833,https://example.com/groupchat89.jpg
90,20,10,Group message 90,2026-04-27 05:54:25.878836,https://example.com/groupchat90.jpg
91,20,12,Group message 91,2026-04-27 09:21:25.878839,https://example.com/groupchat91.jpg
92,16,19,Group message 92,2026-04-27 11:25:25.878843,https://example.com/groupchat92.jpg
93,1,8,Group message 93,2026-04-27 12:16:25.878846,https://example.com/groupchat93.jpg
94,1,29,Group message 94,2026-04-27 02:46:25.878850,https://example.com/groupchat94.jpg
95,18,5,Group message 95,2026-04-27 14:19:25.878853,https://example.com/groupchat95.jpg
96,16,49,Group message 96,2026-04-27 16:46:25.878857,https://example.com/groupchat96.jpg
97,16,31,Group message 97,2026-04-27 05:45:25.878860,https://example.com/groupchat97.jpg
98,8,38,Group message 98,2026-04-27 12:54:25.878863,https://example.com/groupchat98.jpg
99,11,26,Group message 99,2026-04-27 09:58:25.878866,https://example.com/groupchat99.jpg
100,15,31,Group message 100,2026-04-27 02:48:25.878870,https://example.com/groupchat100.jpg
