message_id,sender_id,receiver_id,message,timestamp,image_url
1,9,39,Hello from User9 to User39,2026-04-27 10:55:25.874772,https://example.com/chat1.jpg
2,25,36,Hello from User25 to User36,2026-04-27 10:02:25.874789,https://example.com/chat2.jpg
3,26,9,Hello from User26 to User9,2026-04-27 08:26:25.874794,https://example.com/chat3.jpg
4,5,22,Hello from User5 to User22,2026-04-27 07:16:25.874798,https://example.com/chat4.jpg
5,16,44,Hello from User16 to User44,2026-04-27 13:32:25.874802,https://example.com/chat5.jpg
6,18,42,Hello from User18 to User42,2026-04-27 13:16:25.874806,https://example.com/chat6.jpg
7,4,47,Hello from User4 to User47,2026-04-27 01:55:25.874809,https://example.com/chat7.jpg
8,8,40,Hello from User8 to User40,2026-04-27 03:25:25.874821,https://example.com/chat8.jpg
9,24,2,Hello from User24 to User2,2026-04-27 14:49:25.874828,https://example.com/chat9.jpg
10,28,15,Hello from User28 to User15,2026-04-27 05:58:25.874835,https://example.com/chat10.jpg
11,8,42,Hello from User8 to User42,2026-04-27 10:15:25.874853,https://example.com/chat11.jpg
12,12,37,Hello from User12 to User37,2026-04-27 12:03:25.874860,https://example.com/chat12.jpg
13,18,41,Hello from User18 to User41,2026-04-27 03:54:25.874867,https://example.com/chat13.jpg
14,48,17,Hello from User48 to User17,2026-04-27 05:33:25.874871,https://example.com/chat14.jpg
15,11,22,Hello from User11 to User22,2026-04-27 10:23:25.874875,https://example.com/chat15.jpg
16,14,44,Hello from User14 to User44,2026-04-27 16:18:25.874878,https://example.com/chat16.jpg
17,35,10,Hello from User35 to User10,2026-04-27 05:09:25.874882,https://example.com/chat17.jpg
18,37,27,Hello from User37 to User27,2026-04-27 02:00:25.874886,https://example.com/chat18.jpg
19,4,37,Hello from User4 to User37,2026-04-27 16:38:25.874890,https://example.com/chat19.jpg
20,29,44,Hello from User29 to User44,2026-04-27 06:19:25.874893,https://example.com/chat20.jpg
21,19,46,Hello from User19 to User46,2026-04-27 14:59:25.874897,https://example.com/chat21.jpg
22,37,34,Hello from User37 to User34,2026-04-27 06:54:25.874900,https://example.com/chat22.jpg
23,1,47,Hello from User1 to User47,2026-04-27 10:48:25.874904,https://example.com/chat23.jpg
24,18,41,Hello from User18 to User41,2026-04-27 03:22:25.874907,https://example.com/chat24.jpg
25,18,49,Hello from User18 to User49,2026-04-27 15:40:25.874911,https://example.com/chat25.jpg
26,46,42,Hello from User46 to User42,2026-04-27 14:25:25.874915,https://example.com/chat26.jpg
27,6,40,Hello from User6 to User40,2026-04-27 16:05:25.874919,https://example.com/chat27.jpg
28,29,26,Hello from User29 to User26,2026-04-27 06:25:25.874922,https://example.com/chat28.jpg
29,44,48,Hello from User44 to User48,2026-04-27 16:40:25.874926,https://example.com/chat29.jpg
30,49,32,Hello from User49 to User32,2026-04-27 02:33:25.874930,https://example.com/chat30.jpg
31,49,6,Hello from User49 to User6,2026-04-27 16:58:25.874934,https://example.com/chat31.jpg
32,22,9,Hello from User22 to User9,2026-04-27 15:37:25.874937,https://example.com/chat32.jpg
33,45,24,Hello from User45 to User24,2026-04-27 02:48:25.874941,https://example.com/chat33.jpg
34,37,17,Hello from User37 to User17,2026-04-27 08:47:25.874945,https://example.com/chat34.jpg
35,7,32,Hello from User7 to User32,2026-04-27 12:09:25.874949,https://example.com/chat35.jpg
36,35,32,Hello from User35 to User32,2026-04-27 08:36:25.874956,https://example.com/chat36.jpg
37,48,26,Hello from User48 to User26,2026-04-27 14:05:25.874960,https://example.com/chat37.jpg
38,16,25,Hello from User16 to User25,2026-04-27 13:25:25.874964,https://example.com/chat38.jpg
39,1,5,Hello from User1 to User5,2026-04-27 04:53:25.874967,https://example.com/chat39.jpg
40,32,45,Hello from User32 to User45,2026-04-27 08:54:25.874971,https://example.com/chat40.jpg
41,4,21,Hello from User4 to User21,2026-04-27 06:26:25.874974,https://example.com/chat41.jpg
42,4,38,Hello from User4 to User38,2026-04-27 09:47:25.874978,https://example.com/chat42.jpg
43,16,42,Hello from User16 to User42,2026-04-27 04:45:25.874982,https://example.com/chat43.jpg
44,48,46,Hello from User48 to User46,2026-04-27 17:08:25.874985,https://example.com/chat44.jpg
45,46,29,Hello from User46 to User29,2026-04-27 12:08:25.874989,https://example.com/chat45.jpg
46,14,23,Hello from User14 to User23,2026-04-27 10:04:25.874994,https://example.com/chat46.jpg
47,3,12,Hello from User3 to User12,2026-04-27 08:58:25.874997,https://example.com/chat47.jpg
48,6,28,Hello from User6 to User28,2026-04-27 14:05:25.875001,https://example.com/chat48.jpg
49,29,43,Hello from User29 to User43,2026-04-27 09:04:25.875005,https://example.com/chat49.jpg
50,28,37,Hello from User28 to User37,2026-04-27 06:47:25.875008,https://example.com/chat50.jpg
51,36,35,Hello from User36 to User35,2026-04-27 08:52:25.875012,https://example.com/chat51.jpg
52,1,4,Hello from User1 to User4,2026-04-27 12:58:25.875015,https://example.com/chat52.jpg
53,15,24,Hello from User15 to User24,2026-04-27 02:53:25.875019,https://example.com/chat53.jpg
54,27,3,Hello from User27 to User3,2026-04-27 10:44:25.875023,https://example.com/chat54.jpg
55,35,20,Hello from User35 to User20,2026-04-27 09:43:25.875026,https://example.com/chat55.jpg
56,14,35,Hello from User14 to User35,2026-04-27 08:40:25.875030,https://example.com/chat56.jpg
57,47,43,Hello from User47 to User43,2026-04-27 17:38:25.875033,https://example.com/chat57.jpg
58,8,27,Hello from User8 to User27,2026-04-27 13:31:25.875037,https://example.com/chat58.jpg
59,20,12,Hello from User20 to User12,2026-04-27 15:28:25.875041,https://example.com/chat59.jpg
60,20,36,Hello from User20 to User36,2026-04-27 10:17:25.875044,https://example.com/chat60.jpg
61,14,31,Hello from User14 to User31,2026-04-27 16:54:25.875048,https://example.com/chat61.jpg
62,14,26,Hello from User14 to User26,2026-04-27 08:16:25.875054,https://example.com/chat62.jpg
63,6,2,Hello from User6 to User2,2026-04-27 03:59:25.875058,https://example.com/chat63.jpg
64,45,45,Hello from User45 to User45,2026-04-27 02:58:25.875062,https://example.com/chat64.jpg
65,25,50,Hello from User25 to User50,2026-04-27 06:22:25.875065,https://example.com/chat65.jpg
66,30,49,Hello from User30 to User49,2026-04-27 09:34:25.875069,https://example.com/chat66.jpg
67,19,40,Hello from User19 to User40,2026-04-27 10:19:25.875073,https://example.com/chat67.jpg
68,8,4,Hello from User8 to User4,2026-04-27 17:17:25.875077,https://example.com/chat68.jpg
69,45,29,Hello from User45 to User29,2026-04-27 09:18:25.875080,https://example.com/chat69.jpg
70,41,35,Hello from User41 to User35,2026-04-27 11:58:25.875083,https://example.com/chat70.jpg
71,8,19,Hello from User8 to User19,2026-04-27 12:56:25.875087,https://example.com/chat71.jpg
72,12,26,Hello from User12 to User26,2026-04-27 13:46:25.875102,https://example.com/chat72.jpg
73,21,13,Hello from User21 to User13,2026-04-27 11:54:25.875105,https://example.com/chat73.jpg
74,12,39,Hello from User12 to User39,2026-04-27 06:10:25.875109,https://example.com/chat74.jpg
75,40,5,Hello from User40 to User5,2026-04-27 03:10:25.875112,https://example.com/chat75.jpg
76,50,14,Hello from User50 to User14,2026-04-27 12:36:25.875130,https://example.com/chat76.jpg
77,26,8,Hello from User26 to User8,2026-04-27 05:31:25.875136,https://example.com/chat77.jpg
78,31,34,Hello from User31 to User34,2026-04-27 06:55:25.875142,https://example.com/chat78.jpg
79,40,49,Hello from User40 to User49,2026-04-27 09:52:25.875149,https://example.com/chat79.jpg
80,29,20,Hello from User29 to User20,2026-04-27 06:45:25.875163,https://example.com/chat80.jpg
81,49,20,Hello from User49 to User20,2026-04-27 14:37:25.875167,https://example.com/chat81.jpg
82,29,50,Hello from User29 to User50,2026-04-27 14:55:25.875171,https://example.com/chat82.jpg
83,40,34,Hello from User40 to User34,2026-04-27 09:08:25.875174,https://example.com/chat83.jpg
84,5,7,Hello from User5 to User7,2026-04-27 06:24:25.875178,https://example.com/chat84.jpg
85,13,20,Hello from User13 to User20,2026-04-27 04:30:25.875184,https://example.com/chat85.jpg
86,24,20,Hello from User24 to User20,2026-04-27 12:12:25.875187,https://example.com/chat86.jpg
87,20,48,Hello from User20 to User48,2026-04-27 13:58:25.875194,https://example.com/chat87.jpg
88,28,33,Hello from User28 to User33,2026-04-27 14:27:25.875198,https://example.com/chat88.jpg
89,38,37,Hello from User38 to User37,2026-04-27 07:30:25.875202,https://example.com/chat89.jpg
90,43,4,Hello from User43 to User4,2026-04-27 12:56:25.875205,https://example.com/chat90.jpg
91,7,29,Hello from User7 to User29,2026-04-27 14:51:25.875209,https://example.com/chat91.jpg
92,17,5,Hello from User17 to User5,2026-04-27 08:10:25.875213,https://example.com/chat92.jpg
93,23,47,Hello from User23 to User47,2026-04-27 01:52:25.875216,https://example.com/chat93.jpg
94,36,30,Hello from User36 to User30,2026-04-27 11:28:25.875220,https://example.com/chat94.jpg
95,47,4,Hello from User47 to User4,2026-04-27 05:30:25.875223,https://example.com/chat95.jpg
96,23,32,Hello from User23 to User32,2026-04-27 09:23:25.875227,https://example.com/chat96.jpg
97,47,36,Hello from User47 to User36,2026-04-27 17:02:25.875230,https://example.com/chat97.jpg
98,1,11,Hello from User1 to User11,2026-04-27 05:55:25.875234,https://example.com/chat98.jpg
99,44,12,Hello from User44 to User12,2026-04-27 10:39:25.875238,https://example.com/chat99.jpg
100,45,44,Hello from User45 to User44,2026-04-27 03:25:25.875241,https://example.com/chat100.jpg
