story_id,user_id,image_url,posted_time,expires_after_hours
1,31,https://example.com/story1.jpg,2026-04-27 17:49:25.881702,24
2,32,https://example.com/story2.jpg,2026-04-27 17:49:25.881707,24
3,15,https://example.com/story3.jpg,2026-04-27 17:49:25.881708,24
4,28,https://example.com/story4.jpg,2026-04-27 17:49:25.881710,24
5,34,https://example.com/story5.jpg,2026-04-27 17:49:25.881711,24
6,8,https://example.com/story6.jpg,2026-04-27 17:49:25.881713,24
7,24,https://example.com/story7.jpg,2026-04-27 17:49:25.881714,24
8,25,https://example.com/story8.jpg,2026-04-27 17:49:25.881717,24
9,40,https://example.com/story9.jpg,2026-04-27 17:49:25.881719,24
10,9,https://example.com/story10.jpg,2026-04-27 17:49:25.881720,24
11,28,https://example.com/story11.jpg,2026-04-27 17:49:25.881722,24
12,30,https://example.com/story12.jpg,2026-04-27 17:49:25.881723,24
13,36,https://example.com/story13.jpg,2026-04-27 17:49:25.881724,24
14,49,https://example.com/story14.jpg,2026-04-27 17:49:25.881726,24
15,45,https://example.com/story15.jpg,2026-04-27 17:49:25.881727,24
16,49,https://example.com/story16.jpg,2026-04-27 17:49:25.881728,24
17,4,https://example.com/story17.jpg,2026-04-27 17:49:25.881729,24
18,29,https://example.com/story18.jpg,2026-04-27 17:49:25.881731,24
19,24,https://example.com/story19.jpg,2026-04-27 17:49:25.881732,24
20,9,https://example.com/story20.jpg,2026-04-27 17:49:25.881733,24
21,43,https://example.com/story21.jpg,2026-04-27 17:49:25.881734,24
22,3,https://example.com/story22.jpg,2026-04-27 17:49:25.881735,24
23,43,https://example.com/story23.jpg,2026-04-27 17:49:25.881736,24
24,27,https://example.com/story24.jpg,2026-04-27 17:49:25.881738,24
25,18,https://example.com/story25.jpg,2026-04-27 17:49:25.881739,24
26,35,https://example.com/story26.jpg,2026-04-27 17:49:25.881740,24
27,37,https://example.com/story27.jpg,2026-04-27 17:49:25.881742,24
28,22,https://example.com/story28.jpg,2026-04-27 17:49:25.881743,24
29,7,https://example.com/story29.jpg,2026-04-27 17:49:25.881744,24
30,23,https://example.com/story30.jpg,2026-04-27 17:49:25.881745,24
31,29,https://example.com/story31.jpg,2026-04-27 17:49:25.881746,24
32,33,https://example.com/story32.jpg,2026-04-27 17:49:25.881747,24
33,24,https://example.com/story33.jpg,2026-04-27 17:49:25.881749,24
34,50,https://example.com/story34.jpg,2026-04-27 17:49:25.881750,24
35,45,https://example.com/story35.jpg,2026-04-27 17:49:25.881751,24
36,42,https://example.com/story36.jpg,2026-04-27 17:49:25.881752,24
37,31,https://example.com/story37.jpg,2026-04-27 17:49:25.881753,24
38,7,https://example.com/story38.jpg,2026-04-27 17:49:25.881755,24
39,16,https://example.com/story39.jpg,2026-04-27 17:49:25.881756,24
40,10,https://example.com/story40.jpg,2026-04-27 17:49:25.881757,24
41,24,https://example.com/story41.jpg,2026-04-27 17:49:25.881758,24
42,42,https://example.com/story42.jpg,2026-04-27 17:49:25.881760,24
43,16,https://example.com/story43.jpg,2026-04-27 17:49:25.881761,24
44,39,https://example.com/story44.jpg,2026-04-27 17:49:25.881762,24
45,42,https://example.com/story45.jpg,2026-04-27 17:49:25.881763,24
46,16,https://example.com/story46.jpg,2026-04-27 17:49:25.881764,24
47,24,https://example.com/story47.jpg,2026-04-27 17:49:25.881765,24
48,9,https://example.com/story48.jpg,2026-04-27 17:49:25.881767,24
49,25,https://example.com/story49.jpg,2026-04-27 17:49:25.881768,24
50,34,https://example.com/story50.jpg,2026-04-27 17:49:25.881769,24
