user_id,name,email,profile_picture,status
1,User1,user1@example.com,https://example.com/profile1.jpg,Offline
2,User2,user2@example.com,https://example.com/profile2.jpg,Offline
3,User3,user3@example.com,https://example.com/profile3.jpg,Online
4,User4,user4@example.com,https://example.com/profile4.jpg,Online
5,User5,user5@example.com,https://example.com/profile5.jpg,Offline
6,User6,user6@example.com,https://example.com/profile6.jpg,Online
7,User7,user7@example.com,https://example.com/profile7.jpg,Offline
8,User8,user8@example.com,https://example.com/profile8.jpg,Online
9,User9,user9@example.com,https://example.com/profile9.jpg,Online
10,User10,user10@example.com,https://example.com/profile10.jpg,Offline
11,User11,user11@example.com,https://example.com/profile11.jpg,Offline
12,User12,user12@example.com,https://example.com/profile12.jpg,Offline
13,User13,user13@example.com,https://example.com/profile13.jpg,Online
14,User14,user14@example.com,https://example.com/profile14.jpg,Online
15,User15,user15@example.com,https://example.com/profile15.jpg,Offline
16,User16,user16@example.com,https://example.com/profile16.jpg,Offline
17,User17,user17@example.com,https://example.com/profile17.jpg,Offline
18,User18,user18@example.com,https://example.com/profile18.jpg,Online
19,User19,user19@example.com,https://example.com/profile19.jpg,Online
20,User20,user20@example.com,https://example.com/profile20.jpg,Online
21,User21,user21@example.com,https://example.com/profile21.jpg,Online
22,User22,user22@example.com,https://example.com/profile22.jpg,Online
23,User23,user23@example.com,https://example.com/profile23.jpg,Online
24,User24,user24@example.com,https://example.com/profile24.jpg,Offline
25,User25,user25@example.com,https://example.com/profile25.jpg,Offline
26,User26,user26@example.com,https://example.com/profile26.jpg,Online
27,User27,user27@example.com,https://example.com/profile27.jpg,Online
28,User28,user28@example.com,https://example.com/profile28.jpg,Online
29,User29,user29@example.com,https://example.com/profile29.jpg,Online
30,User30,user30@example.com,https://example.com/profile30.jpg,Offline
31,User31,user31@example.com,https://example.com/profile31.jpg,Online
32,User32,user32@example.com,https://example.com/profile32.jpg,Offline
33,User33,user33@example.com,https://example.com/profile33.jpg,Offline
34,User34,user34@example.com,https://example.com/profile34.jpg,Online
35,User35,user35@example.com,https://example.com/profile35.jpg,Offline
36,User36,user36@example.com,https://example.com/profile36.jpg,Offline
37,User37,user37@example.com,https://example.com/profile37.jpg,Online
38,User38,user38@example.com,https://example.com/profile38.jpg,Offline
39,User39,user39@example.com,https://example.com/profile39.jpg,Online
40,User40,user40@example.com,https://example.com/profile40.jpg,Offline
41,User41,user41@example.com,https://example.com/profile41.jpg,Online
42,User42,user42@example.com,https://example.com/profile42.jpg,Offline
43,User43,user43@example.com,https://example.com/profile43.jpg,Online
44,User44,user44@example.com,https://example.com/profile44.jpg,Online
45,User45,user45@example.com,https://example.com/profile45.jpg,Offline
46,User46,user46@example.com,https://example.com/profile46.jpg,Offline
47,User47,user47@example.com,https://example.com/profile47.jpg,Offline
48,User48,user48@example.com,https://example.com/profile48.jpg,Offline
49,User49,user49@example.com,https://example.com/profile49.jpg,Online
50,User50,user50@example.com,https://example.com/profile50.jpg,Online
